{"percentage_alexa": 0.5021765965658775, "percentage_dga": 0.13996332744657317, "baseline": 0.3210699620062254, "total_bigram": 7880962}